{
    "id": "tl_dual_0",
    "version": 2,
    "name": "Left Extruder",
    "inherits": "fdmextruder",
    "metadata": {
        "machine": "tenlog_printer",
        "position": "0"
    },
    "overrides": {
        "extruder_nr": {
            "default_value": 0,
            "maximum_value": "1"
        },
	    "machine_nozzle_offset_x": { "default_value": 0.0 },
        "machine_nozzle_offset_y": { "default_value": 0.0 },
        "machine_nozzle_size": { "default_value": 0.4 },
        "material_diameter": { "default_value": 1.75 },
        "machine_extruder_cooling_fan_number": {"value":1},
        "machine_extruder_start_pos_abs": { "default_value": true },
        "machine_extruder_start_pos_x": { "value": "prime_tower_position_x" },
        "machine_extruder_start_pos_y": { "value": "prime_tower_position_y" },
        "machine_extruder_end_pos_abs": { "default_value": true },
        "machine_extruder_end_pos_x": { "value": "prime_tower_position_x" },
        "machine_extruder_end_pos_y": { "value": "prime_tower_position_y" }
    }
}
