{
    "version": 2,
    "name": "TL-D3S",
    "inherits": "tenlog_printer",
    "metadata": {
	"visible": true,
        "manufacturer": " Tenlog"
    },

    "overrides": {
        "machine_name": { "default_value": "TL-D3S" },
        "machine_width": {
            "default_value": 300
        },
        "machine_height": {
            "default_value": 400
        },
        "machine_depth": {
            "default_value": 300
        },
        "prime_tower_position_x": {
            "value": "155"
        },
	    "prime_tower_position_y": {
            "value": "155"
        }
    }

}
